zotero_key,pub_date,emission_title,Date,Item Type,Title,Guest,Publication Title,Url,hashtag,Publisher,twitch_id
NUE33C36,2022-02-01 00:00:00,20h22 sur Twitch,2022-02-01,tvBroadcast,20h22 sur twitch: Zemmour,"Zemmour, Eric",20h22 sur twitch,,,Twitch,c299715d-6e17-49bb-81cc-a001379b1e4c
GAZCY7VE,2022-03-10 00:00:00,Backseat,2022-03-10,tvBroadcast,Backseat : Jadot,"Jadot, Yannick",Backseat,https://www.twitch.tv/videos/1421378900,#Jadot2022|#Backseat|#Changeons,Twitch,abcabaaa-a6cb-4441-9ee7-a32dda28fca4
6FJUX7RY,2022-02-10 00:00:00,Backseat,2022-02-10,tvBroadcast,Backseat : Poutou,"Poutou, Philippe",Backseat,https://poutou2022.org/node/156,,Twitch,99d93ee2-98ea-4ca3-b36f-b5ddcdf3b5ba
6FRL4BAA,2022-03-13 00:00:00,Le débat du siècle,2022-03-13,tvBroadcast,"Le débat du siècle: Jadot, Roussel, Hidalgo, Poutou, Pécresse","Jadot, Yannick; Roussel, Fabien; Hidalgo, Anne; Poutou, Philippe; Pécresse, Valérie",Le débat du siècle,https://www.youtube.com/watch?v=1-28-grEZjk,#DebatduSiècle,Twitch,f1af1d00-e3dd-4bbb-b12f-36cf7c7e8ba8
5HKTXKA9,2022-02-15 00:00:00,20h22 sur Twitch,2022-02-15,tvBroadcast,20h22 sur Twitch : Pécresse,"Pécresse, Valérie",20h22 sur Twitch,https://www.twitch.tv/videos/1299032652,,Twitch,a70366ed-d567-42e2-8121-c2b959abf8df
LRXAFKAH,2022-02-07 00:00:00,20h22 sur Twitch,2022-02-07,tvBroadcast,20h22 sur Twitch : Le Pen,"Le Pen, Marine",20h22 sur Twitch,,#LePen,Twitch,070038f2-1063-4799-b983-ea9565d69c51
6Z7QSDWE,2022-01-25 00:00:00,20h22 sur Twitch,2022-01-25,tvBroadcast,20h22 sur Twitch : Hidalgo,"Hidalgo, Anne",20h22 sur Twitch,https://www.twitch.tv/videos/1275720685 ; https://www.twitch.tv/videos/1275764978,,Twitch,02fa282f-563f-4be0-b1ed-12c4c062c96d
G5DGKAHU,2022-01-20 00:00:00,Backseat,2022-01-20,tvBroadcast,Backseat : Hidalgo,"Hidalgo, Anne",Backseat,https://www.twitch.tv/videos/1270073159,,Twitch,9cdb96e0-3b01-41f4-94cc-4dfd61dc0de4
8MKXN5F5,2022-02-10 00:00:00,Le débat du siècle,2022-03-16,tvBroadcast,Le débat du siècle: Mélenchon (rattrapage),"Mélenchon, Jean-Luc",Le débat du siècle,https://www.twitch.tv/videos/1424445409,#DebatduSiècle|#Mélenchon|#MelenchonPrésident2022,Twitch,2a493acd-8015-4be8-a079-fe079accb76d
YLZX5LZT,,,2022-03-23,tvBroadcast,Face à Baba : Pécresse,"Pécresse, Valérie",Face à Baba,https://www.cnews.fr/divertissement/2022-03-23/face-baba-sur-c8-qui-sont-les-invites-qui-debattront-ce-soir-avec-valerie,#FaceABaba|#Pecresse2022|#pecresse,C8,
NAA8HGSV,,,2022-03-16,tvBroadcast,Face à Baba : Le Pen,"Le Pen, Marine",Face à Baba,,#FaceABaba|#Mlafrance|#MarinePresidente,C8,
DXD8G4DJ,,,2022-01-27,tvBroadcast,Face à Baba : Mélenchon,"Mélenchon, Jean-Luc",Face à Baba,,#faceababa,C8,
T7F4XMDX,,,2022-03-23,tvBroadcast,Face à Baba : Roussel,"Roussel, Fabien",Face à Baba,,#FaceABaba|#Roussel|#Roussel2022,C8,
4WJAGYJF,,,2022-03-16,tvBroadcast,Face à Baba : Jadot,"Jadot, Yannick",Face à Baba,,#FaireFace|#jadot2022,C8,
MHW8MXAI,,,2022-04-07,tvBroadcast,10 minutes pour convaincre: Mélenchon,"Mélenchon, Jean-Luc",10 minutes pour convaincre,,#10MinutesPourConvaincre|#JT20h|#Mélenchon2022|#UnionPopulaire|#MélenchonTF1,TF1,
SBKXFTIM,,,2022-04-07,tvBroadcast,10 minutes pour convaincre: Lassalle,"Lassalle, Jean",10 minutes pour convaincre,,#10MinutesPourConvaincre|#JT20h|#LaFranceAuthentique|#TourBusJL2022|#JeanLassalle2022,TF1,
9NGQIRDC,,,2022-04-05,tvBroadcast,10 minutes pour convaincre: Arthaud,"Arthaud, Nathalie",10 minutes pour convaincre,,#10MinutesPourConvaincre|#JT20h|#Arthaud|#Arthaud2022,TF1,
WHDPL7P6,,,2022-04-05,tvBroadcast,10 minutes pour convaincre: Roussel,"Roussel, Fabien",10 minutes pour convaincre,,#10MinutesPourConvaincre|#JT20h|#LesJoursHeureux|#Roussel2022|#RousselTF1,TF1,
6LBUCIQV,,,2022-04-04,tvBroadcast,10 minutes pour convaincre: Jadot,"Jadot, Yannick",10 minutes pour convaincre,,#10MinutesPourConvaincre|#JT20h|#FaireFace|#Jadot2022|#JeVoteJadot,TF1,
ILWNNVWM,,,2022-04-04,tvBroadcast,10 minutes pour convaincre: Zemmour,"Zemmour, Eric",10 minutes pour convaincre,,#10MinutesPourConvaincre|#JT20h|#ZoZZ|#ZemmourPrésident|#Zemmour2022,TF1,
UYSCMP4Q,,,2022-04-03,tvBroadcast,10 minutes pour convaincre: Dupont-Aignan,"Dupont-Aignan, Nicolas",10 minutes pour convaincre,,#10MinutesPourConvaincre|#JT20h|#2022NDA|#ChoisirLaLiberté|#20h22,TF1,
KCVUMIN2,,,2022-04-03,tvBroadcast,10 minutes pour convaincre: Poutou,"Poutou, Philippe",10 minutes pour convaincre,,#Poutou|#10MinutesPourConvaincre|#Poutou2022|#JT20h,TF1,
RNJ3XHDV,,,2022-04-08,tvBroadcast,10 minutes pour convaincre: Hidalgo,"Hidalgo, Anne",10 minutes pour convaincre,,#10MinutesPourConvaincre|#JT20h|#Hidalgo2022|#Hidalgo,TF1,
GA9GWS9S,,,2022-04-08,tvBroadcast,10 minutes pour convaincre: Pécresse,"Pécresse, Valérie",10 minutes pour convaincre,,#10MinutesPourConvaincre|#JT20h|#Pécresse2022|#Pécresse|#JeVotePécresse,TF1,
G89A8WQA,,,2022-04-06,tvBroadcast,10 minutes pour convaincre: Le Pen,"Le Pen, Marine",10 minutes pour convaincre,https://www.youtube.com/watch?v=wGRBRTVfRTw,#10MinutesPourConvaincre|#JT20h|#MLaFrance|#MarinePrésidente|#MLP2022|#DimancheJeVoteMarine,TF1,
D774XPHD,,,2022-04-06,tvBroadcast,10 minutes pour convaincre: Macron,"Macron, Emmanuel",10 minutes pour convaincre,https://www.youtube.com/watch?v=yb5qY16wfhg,#10MinutesPourConvaincre|#JT20h|#AvecVous|#Macron|#MacronTF1,TF1,
GFHRYCKW,,,2022-03-29,tvBroadcast,"2022, le compte à rebours: Zemmour","Zemmour, Eric","2022, le compte à rebours",https://www.france.tv/france-2/2022-le-compte-a-rebours/3248788-emission-du-mardi-29-mars-2022.html,#20h22|#Le20h|#JT20H,France 2,
IT3898DS,,,2022-03-28,tvBroadcast,"2022, le compte à rebours: Jadot, Arthaud","Jadot, Yannick; Arthaud, Nathalie","2022, le compte à rebours",https://www.france.tv/france-2/2022-le-compte-a-rebours/3248788-emission-du-mardi-29-mars-2022.html,#CompteARebours2022|#lecomptearebours2022|#JT20H|#Arthaud|#FaireFace|#Jadot2022,France 2,
QY5AIEK7,,,2022-04-07,tvBroadcast,"2022, le compte à rebours: Dupont-Aignan","Dupont-Aignan, Nicolas","2022, le compte à rebours",https://www.france.tv/france-2/2022-le-compte-a-rebours/3248788-emission-du-mardi-29-mars-2022.html,#JT20h|#CompteARebours2022|#LeCompteARebours2022|#2022NDA|#ChoisirLaLiberté,France 2,
68MXH5T6,,,2022-04-06,tvBroadcast,"2022, le compte à rebours: Roussel","Roussel, Fabien","2022, le compte à rebours",https://www.france.tv/france-2/2022-le-compte-a-rebours/3248788-emission-du-mardi-29-mars-2022.html,#JT20h|#CompteARebours2022|#LeCompteARebours2022|#Roussel|#Roussel2022|#LesJoursHeureux,France 2,
CUUJUFDI,,,2022-03-30,tvBroadcast,"2022, le compte à rebours: Pécresse, Lassalle","Pécresse, Valérie; Lassalle, Jean","2022, le compte à rebours",https://www.youtube.com/watch?v=PfSnN5oGW74 (Pécresse),#CompteARebours2022|#lecomptearebours2022|#LaFranceAuthentique|#JeanLassalle2022|#Pécresse2022 #Pécresse2022 #jeanlassalle2022,France 2,
WDE8SWS6,,,2022-04-04,tvBroadcast,"2022, le compte à rebours: Hidalgo","Hidalgo, Anne","2022, le compte à rebours",https://www.youtube.com/watch?v=-jpsTmZXpc0,#CompteARebours2022|#LeCompteARebours2022|#Hidalgo|#Hidalgo2022|#JT20h,France 2,
MIGGNH5L,,,2022-01-25,tvBroadcast,"2022, le compte à rebours:  Hidalgo","Hidalgo, Anne","2022, le compte à rebours",https://www.youtube.com/watch?v=Toi5qFRLi90,#20h22|#Le20h|#JT20H,France 2,
4QQF6UTB,,,2022-04-06,tvBroadcast,"2022, le compte à rebours: Mélenchon","Mélenchon, Jean-Luc","2022, le compte à rebours",https://www.youtube.com/watch?v=ALadzR2-jMA,#MélenchonFrance2|#UnionPopulaire|#Mélenchon2022|#JT20h|#CompteARebours2022|#LeCompteARebours2022,France 2,
Z3TXECYY,,,2022-02-07,tvBroadcast,"2022, le compte à rebours: Le Pen","Le Pen, Marine","2022, le compte à rebours",,#20h22|#Le20h|#JT20H,France 2,
8S56XA7Z,,,2022-02-15,tvBroadcast,"2022, le compte à rebours: Pécresse","Pécresse, Valérie","2022, le compte à rebours",https://www.youtube.com/watch?v=4WW3YziSJfY,#20h22|#Le20h|#JT20H|#Pécresse|#Pécresse2022,France 2,
B6K5MJ38,,,2022-02-01,tvBroadcast,"2022, le compte à rebours: Zemmour","Zemmour, Eric","2022, le compte à rebours",https://www.youtube.com/watch?v=t0u4WSdjxJU,#CompteARebours2022|#lecomptearebours2022|#JT20H|#ZoZZ|#ZemmourPresident|#Besancenot|#Zemmour2022|#ZemmourFrance2,France 2,
5GYXHTWY,,,2022-02-20,tvBroadcast,L'interview face cachée (Présidentielle 2022) : Poutou,"Poutou, Philippe",L'interview face cachée (Présidentielle 2022),https://youtu.be/GSUmEZPmNPg,,Youtube [HugoDécrypte],
BUGZ5HAE,,,2022-02-27,tvBroadcast,L'interview face cachée (Présidentielle 2022) : Le Pen,"Le Pen, Marine",L'interview face cachée (Présidentielle 2022),https://www.youtube.com/watch?v=CMpqrm78vl4,,Youtube [HugoDécrypte],
SNZCN2ZC,,,2022-03-03,tvBroadcast,L'interview face cachée (Présidentielle 2022) : Jadot,"Jadot, Yannick",L'interview face cachée (Présidentielle 2022),https://www.youtube.com/watch?v=sp0nSHxeNIk,,Youtube [HugoDécrypte],
PDT9FN9Y,,,2022-03-10,tvBroadcast,L'interview face cachée (Présidentielle 2022) : Hidalgo,"Hidalgo, Anne",L'interview face cachée (Présidentielle 2022),https://www.youtube.com/watch?v=89gh4O4Jh9c,,Youtube [HugoDécrypte],
C2GE5X43,,,2022-03-06,tvBroadcast,L'interview face cachée (Présidentielle 2022) : Dupont-Aignan,"Dupont-Aignan, Nicolas",L'interview face cachée (Présidentielle 2022),https://youtu.be/GSUmEZPmNPgNicolas Dupont-Aignan : L'interview face cachée (Présidentielle 2022) - YouTube,,Youtube [HugoDécrypte],
AXGM2C5T,,,2022-03-13,tvBroadcast,L'interview face cachée (Présidentielle 2022) : Mélenchon,"Mélenchon, Jean-Luc",L'interview face cachée (Présidentielle 2022),https://www.youtube.com/watch?v=RkH3QjL7O80,,Youtube [HugoDécrypte],
AZ2YHLWD,,,2022-03-17,tvBroadcast,L'interview face cachée (Présidentielle 2022) : Lassalle,"Lassalle, Jean",L'interview face cachée (Présidentielle 2022),https://www.youtube.com/watch?v=fPgHWkXM7ZU,,Youtube [HugoDécrypte],
LYINXRDI,,,2022-03-20,tvBroadcast,L'interview face cachée (Présidentielle 2022) : Zemmour,"Zemmour, Eric",L'interview face cachée (Présidentielle 2022),https://www.youtube.com/watch?v=RkH3QjL7O80,,Youtube [HugoDécrypte],
EQIAKBZR,,,2022-03-24,tvBroadcast,L'interview face cachée (Présidentielle 2022) : Arthaud,"Arthaud, Nathalie",L'interview face cachée (Présidentielle 2022),https://www.youtube.com/watch?v=AOZk2Yh79QY,,Youtube [HugoDécrypte],
JK5SRWLV,,,2022-03-28,tvBroadcast,L'interview face cachée (Présidentielle 2022) : Roussel,"Roussel, Fabien",L'interview face cachée (Présidentielle 2022),https://www.youtube.com/watch?v=1HFbzdgFA8I,,Youtube [HugoDécrypte],
WJS89VWV,,,2022-03-14,tvBroadcast,La France face à la guerre,"Hidalgo, Anne; Jadot, Yannick; Le Pen, Marine; Macron, Emmanuel; Mélenchon, Jean-Luc; Pécresse, Valérie; Roussel, Fabien; Zemmour, Eric",La France face à la guerre,,,TF1,
D9EF4PGN,,,2022-04-12,tvBroadcast,Le JT de 20H : Le Pen,"Le Pen, Marine",Le JT de 20H,https://www.tf1.fr/tf1/jt-20h/videos/le-20-heures-du-12-avril-2022-06898355.html,,TF1,
9HXBPR6W,,,2022-03-23,tvBroadcast,19h45 - M6 : Macron,"Macron, Emmanuel",19h45 - M6,,"#Macron19h45, #avecvous, #MacronDegage2022, #Macron2022, #5ansdeplus, #StopMacron",M6,
6PTMDG39,,,2021-11-18,tvBroadcast,20h22 : Jadot,"Jadot, Yannick",20h22,,#20h22|(spécifique) #Le20h|#JT20H|(génériques),France 2,
6GBSNJZ5,,,2021-12-14,tvBroadcast,20h22 : Roussel,"Roussel, Fabien",20h22,,#20h22|(spécifique) #Le20h|#JT20H|(génériques),France 2,
F52LTPIV,,,2022-02-07,tvBroadcast,20h22 : Le Pen,"Le Pen, Marine",20h22,,#20h22|(spécifique) #Le20h|#JT20H|(génériques),France 2,
SPXMJZSE,,,2022-02-15,tvBroadcast,20h22 : Pécresse,"Pécresse, Valérie",20h22,,#20h22|(spécifique) #Le20h|#JT20H|(génériques)|#Pécresse|#Pécresse2022,France 2,
LL4V2XDP,,,2022-03-18,tvBroadcast,ADN INA : Jadot,"Jadot, Yannick",ADN INA,,,INA,
CGGD58SX,,,2022-03-19,tvBroadcast,ADN INA : Le Pen,"Le Pen, Marine",ADN INA,,,INA,
BRM9GJUE,,,2022-03-20,tvBroadcast,ADN INA : Roussel,"Roussel, Fabien",ADN INA,,,INA,
85RZQKGY,,,2022-03-21,tvBroadcast,ADN INA : Lassalle,"Lassalle, Jean",ADN INA,,,INA,
UWIQVSNV,,,2022-03-22,tvBroadcast,ADN INA : Pécresse,"Pécresse, Valérie",ADN INA,,,INA,
QIYVG8J8,,,2022-03-23,tvBroadcast,ADN INA : Arthaud,"Arthaud, Nathalie",ADN INA,,,INA,
FX6Z2TI3,,,2022-03-24,tvBroadcast,ADN INA : Mélenchon,"Mélenchon, Jean-Luc",ADN INA,,,INA,
3C3R2Y67,,,2022-03-26,tvBroadcast,ADN INA : Dupont-Aignan,"Dupont-Aignan, Nicolas",ADN INA,,,INA,
6GAJPI3I,,,2022-03-27,tvBroadcast,ADN INA : Hidalgo,"Hidalgo, Anne",ADN INA,,,INA,
LY867F3U,,,2022-03-08,tvBroadcast,Bonjour Chez vous : Arthaud,"Arthaud, Nathalie",Bonjour Chez vous,,#Arthaud #BonjourChezVous #BCVO,Public Sénat,
WBFPVW36,,,2022-03-08,tvBroadcast,Bonjour Chez vous : Lassalle,"Lassalle, Jean",Bonjour Chez vous,,#BonjourChezVous #BCVO #JeanLassalle2022 #LaFranceAuthentique,Public Sénat,
HYUDPG33,,,2022-03-09,tvBroadcast,Bonjour Chez vous : Dupont-Aignan,"Dupont-Aignan, Nicolas",Bonjour Chez vous,,#BonjourChezVous #BCVO #2022NDA,Public Sénat,
48CGQQ6G,,,2022-03-21,tvBroadcast,C à vous : Arthaud,"Arthaud, Nathalie",C à vous,,,France 5,
GX2FNMPU,,,2022-03-05,tvBroadcast,Carnets de campagne - l'invité : Dupont-Aignan,"Dupont-Aignan, Nicolas",Carnets de campagne - l'invité,,,TF1,
AMCQD4FP,,,2022-03-23,tvBroadcast,Carnets de campagne - l'invité : Mélenchon,"Mélenchon, Jean-Luc",Carnets de campagne - l'invité,,#MelenchonTF1|#Le20h|#Melenchon2022,TF1,
278T7QQ6,,,2022-03-24,tvBroadcast,Carnets de campagne - l'invité : Le Pen,"Le Pen, Marine",Carnets de campagne - l'invité,,#Le20h|#MLP2022|#MlaFrance|#MarinePresidente|#carnetdecampagne,TF1,
G355AF58,,,2022-03-27,tvBroadcast,Dimanche en politique : Macron,"Macron, Emmanuel",Dimanche en politique,,#ProjetMacron #MacronFrance3 #DimPol #avecvous,France 3 (12h30),
LMQQNLGY,,,2021-12-19,tvBroadcast,Elysée 2022 : Zemmour,"Zemmour, Eric",Elysée 2022,,,France 2,
UEU6RC6U,,,2022-02-10,tvBroadcast,Elysée 2022 : Mélenchon,"Mélenchon, Jean-Luc",Elysée 2022,,#Elysee2022,France 2,
H9B334CS,,,2022-02-17,tvBroadcast,Elysée 2022 : Jadot,"Jadot, Yannick",Elysée 2022,,#Elysée2022||#Elysee2022|#Jadot2022|#Changeons|#Jadot,France 2,
CYUM9NK8,,,2022-03-03,tvBroadcast,Elysée 2022 : Le Pen,"Le Pen, Marine",Elysée 2022,,|#Elysée2022||#Elysee2022|#presidentielle2022|#MarinePresidente|#LePen|#MLaFrance,France 2,
CE3MV98U,,,2022-03-17,tvBroadcast,"Elysée 2022 : (multiple) Hidalgo, Dupont-Aignan, Zemmour, Jadot","Hidalgo, Anne; Dupont-Aignan, Nicolas; Zemmour, Eric; Jadot, Yannick",Elysée 2022,,#Elysée2022|#Hidalgo2022|#ZemmourPresident|#2022NDA,France 2,
SRSUZIVM,,,2022-03-24,tvBroadcast,"Elysée 2022 : (multiple) Mélenchon, Roussel, Pécresse, Arthaud, Lassalle","Mélenchon, Jean-Luc; Roussel, Fabien; Pécresse, Valérie; Arthaud, Nathalie; Lassalle, Jean",Elysée 2022,,#Elysée2022|#JeanLassalle2022|#LaFranceAuthentique|#Roussel|#Roussel2022|#JLMPrésident|#Mélenchon2022|#UnionPopulaire|#Arthaud|#Arthaud2022|#Pécresse2022|#Pécresse,France 2,
ZLLI9ZEA,,,2022-03-24,tvBroadcast,Elysée 2022 : Mélenchon,"Mélenchon, Jean-Luc",Elysée 2022,,#Elysée2022|#JLMprésident|#UnionPopulaire|#Melenchon2022,France 2,
GVH9R75D,,,2022-03-24,tvBroadcast,Elysée 2022 : Arthaud,"Arthaud, Nathalie",Elysée 2022,,#Elysée2022|#Arthaud2022,France 2,
CXCEW3L8,,,2022-03-24,tvBroadcast,Elysée 2022 : Lassalle,"Lassalle, Jean",Elysée 2022,,#Elysée2022|#LaFranceAuthentique|#JeanLassalle2022,France 2,
4NQ2AGQH,,,2022-03-24,tvBroadcast,Elysée 2022 : Pécresse,"Pécresse, Valérie",Elysée 2022,,#Elysée2022|#Pécresse2022|#Pécresse,France 2,
4MDT96SS,,,2022-03-24,tvBroadcast,Elysée 2022 : Roussel,"Roussel, Fabien",Elysée 2022,,#Elysée2022|#Roussel|#Roussel2022,France 2,
56LWKQ88,,,2022-03-31,tvBroadcast,"Elysée 2022 : (multiple) Mélenchon, Lassalle, Le Pen, Arthaud, Roussel, Dupont-Aignan","Mélenchon, Jean-Luc; Lassalle, Jean; Le Pen, Marine; Arthaud, Nathalie; Roussel, Fabien; Dupont-Aignan, Nicolas",Elysée 2022,,#Elysée2022|#JeanLassalle2022|#LaFranceAuthentique|#Roussel|#Roussel2022|#JLMPrésident|#Mélenchon2022|#MélenchonVaGagner|#UnionPopulaire|#Arthaud|#Arthaud2022|#2022NDA|#MLaFrance|#ChoisirLaLiberté|#MLP2022|#MarinePresidente,France 2,
MPF659C2,,,2022-04-05,tvBroadcast,"Elysée 2022 : (multiple) Jadot, Zemmour, Poutou, Pécresse, Hidalgo","Jadot, Yannick; Zemmour, Eric; Poutou, Philippe; Pécresse, Valérie; Hidalgo, Anne",Elysée 2022,,#Elysée2022|#Poutou|#Poutou2022|#ZemmourPresident|#ZemmourVSMacron|#ZoZZ|#JeVoteZemmourLe10Avril|#Hidalgo2022|#Hidalgo|#Jadot2022|#FaireFace|#JeVoteJadot|#Pécresse2022|#Pécresse,France 2,
7HEI7CH4,,,2022-03-08,tvBroadcast,"Elysée 2022, demandez le programme : Roussel","Roussel, Fabien","Elysée 2022, demandez le programme",,#Demandezleprogramme #Roussel2022,CNEWS,
CVM6LE9I,,,2022-03-10,radioBroadcast,Europe Matin : Jadot,"Jadot, Yannick",Europe Matin,,#Europe1 #Jadot2022 #Changeons,Europe 1,
GLK4YQDH,,,2022-03-16,radioBroadcast,Europe Matin : Hidalgo,"Hidalgo, Anne",Europe Matin,,#Hidalgo2022 #Europe1,Europe 1,
Q645QKKU,,,2022-03-10,tvBroadcast,"Face à Face : (multiple) Pécresse, Zemmour","Pécresse, Valérie; Zemmour, Eric",Face à Face,,#ValeriePresidente #FaceaFaceTF1LCI #ZemmourVsPecresse #PecresseNaufrage #Insupportable #ZemmourPresident,LCI,
Z46U9UGX,,,2022-01-03,radioBroadcast,Face au 7/9 : Mélenchon,"Mélenchon, Jean-Luc",Face au 7/9,,#le79inter|#Elysee2022|(génériques),France Inter,
6ZAGVT8K,,,2022-01-13,radioBroadcast,Face au 7/9 : Hidalgo,"Hidalgo, Anne",Face au 7/9,,#le79inter|#Elysee2022|(génériques),France Inter,
WUTUM9V2,,,2022-01-19,radioBroadcast,Face au 7/9 : Le Pen,"Le Pen, Marine",Face au 7/9,,#le79inter|#Elysee2022|(génériques),France Inter,
HHYM8ZX2,,,2022-01-25,radioBroadcast,Face au 7/9 : Jadot,"Jadot, Yannick",Face au 7/9,,|,France Inter,
QP2EAYEK,,,2022-02-07,radioBroadcast,Face au 7/9 : Zemmour,"Zemmour, Eric",Face au 7/9,,#le79inter|#Elysee2022|(génériques),France Inter,
8WQIWKUY,,,2022-02-15,radioBroadcast,Face au 7/9 : Roussel,"Roussel, Fabien",Face au 7/9,,#le79inter|#Elysee2022|(génériques)|#Roussel|#roussellement,France Inter,
U2B9YG5R,,,2022-02-22,radioBroadcast,Face au 7/9 : Pécresse,"Pécresse, Valérie",Face au 7/9,,#le79inter|#Elysee2022|(génériques)|#pecresse|#pecresse2022,France Inter,
JD8ZMIVA,,,2022-03-07,tvBroadcast,"Face aux Françaises : (multiple) Le Pen, Jadot, Mélenchon, Macron, Zemmour, Pécresse, Hidalgo, Roussel)","Le Pen, Marine; Jadot, Yannick; Mélenchon, Jean-Luc; Macron, Emmanuel; Zemmour, Eric; Pécresse, Valérie; Hidalgo, Anne; Roussel, Fabien",Face aux Françaises,,#faceauxfrançaises|,LCI/ELLE,
NH8DEHM2,,,2022-03-08,tvBroadcast,L'interview Apolline Matin : Zemmour,"Zemmour, Eric",L'interview Apolline Matin,,#ApollineMatin|#8mars|#ZemmourPresident|#RMC|#BFM|#Journeedelafemme|#ZOZZ,RMC/BFMTV,
NPFFVT8E,,,2022-03-09,tvBroadcast,L'interview Apolline Matin : Pécresse,"Pécresse, Valérie",L'interview Apolline Matin,,#Pécresse2022|#Apollinematin|#RMC|#BFMTV|,RMC/BFMTV,
5NIK2BWG,,,2022-03-17,tvBroadcast,L'interview Apolline Matin : Jadot,"Jadot, Yannick",L'interview Apolline Matin,,#ApollineMatin|#Jadot2022|#FaireFace,RMC/BFMTV,
KBD8S87C,,,2022-02-12,radioBroadcast,L'invité de 7h50 : Dupont-Aignan,"Dupont-Aignan, Nicolas",L'invité de 7h50,,#LaMatinale|#FranceInter|#2022NDA|#Présidentielle2022,France Inter,
6BXTETBD,,,2022-02-28,radioBroadcast,L'invité de 7h50 : Dupont-Aignan,"Dupont-Aignan, Nicolas",L'invité de 7h50,,#le79inter|#DupontAignan,France Inter,
K2A2YAXX,,,2022-03-10,radioBroadcast,L'invité de 7h50 : Hidalgo,"Hidalgo, Anne",L'invité de 7h50,,#Le79inter|#Hidalgo2022,France Inter,
Y8SV3BXR,,,2022-03-12,radioBroadcast,L'invité de 7h50 : Dupont-Aignan,"Dupont-Aignan, Nicolas",L'invité de 7h50,,,France Inter,
BX2563EH,,,2022-03-19,radioBroadcast,L'invité de 7h50 : Poutou,"Poutou, Philippe",L'invité de 7h50,,#Le69Inter|#Elysee2022|#Poutou,France Inter,
ANPGPKN4,,,2022-03-20,radioBroadcast,L'invité de 7h50 : Lassalle,"Lassalle, Jean",L'invité de 7h50,,#le69inter|#JeanLassalle2022|#LaFranceAuthentique,France Inter,
HHXMSG8P,,,2022-03-21,radioBroadcast,L'invité de 7h50 : Roussel,"Roussel, Fabien",L'invité de 7h50,,#le79Inter|#Roussel2022,France Inter,
7C6H3IH7,,,2022-03-24,radioBroadcast,L'invité de 7h50 : Arthaud,"Arthaud, Nathalie",L'invité de 7h50,,"#Arthaud2022,|#le79Inter",France Inter,
7JDYAKP2,,,2022-03-16,radioBroadcast,L'invité de 8h20 : Pécresse,"Pécresse, Valérie",L'invité de 8h20,,#79Inter|#Pécresse2022,France Inter,
P3SKQDHY,,,2022-03-18,radioBroadcast,L'invité de 8h20 : Le Pen,"Le Pen, Marine",L'invité de 8h20,,#79inter|#Mlafrance|#MarinePresidente|#Lepen,France Inter,
P4DV6UZM,,,2022-03-22,radioBroadcast,L'invité de 8h20 : Jadot,"Jadot, Yannick",L'invité de 8h20,,#le79Inter|#Jadot2022|#FaireFace,France Inter,
2AAY4ZF9,,,2022-03-28,radioBroadcast,L'invité de 8h20 : Dupont-Aignan,"Dupont-Aignan, Nicolas",L'invité de 8h20,,#le79Inter|#2022NDA|#ChoisirLaLiberté,France Inter,
VDLTAI3P,,,2022-03-29,radioBroadcast,L'invité de 8h20 : Hidalgo,"Hidalgo, Anne",L'invité de 8h20,,#Le79Inter|#Hidalgo2022,France Inter,
LQFQ2CER,,,2022-03-30,radioBroadcast,L'invité de 8h20 : Mélenchon,"Mélenchon, Jean-Luc",L'invité de 8h20,,#Le79Inter|#UnionPopulaire|#Mélenchon2022,France Inter,
5KYAU27N,,,2022-03-31,radioBroadcast,L'invité de 8h20 : Roussel,"Roussel, Fabien",L'invité de 8h20,,#Le79Inter|#Roussel2022|#LesJoursHeureux,France Inter,
NYP84GXF,,,2022-04-01,radioBroadcast,L'invité de 8h20 : Arthaud,"Arthaud, Nathalie",L'invité de 8h20,,#Le79Inter|#Arthaud|#Arthaud2022,France Inter,
WK8KU4G6,,,2022-04-02,radioBroadcast,L'invité de 8h20 : Lassalle,"Lassalle, Jean",L'invité de 8h20,,#Le69Inter|#JeanLassalle2022|#LaFranceAuthentique|#TourBusJL2022|,France Inter,
AQRUE49H,,,2022-04-03,radioBroadcast,L'invité de 8h20 : Poutou,"Poutou, Philippe",L'invité de 8h20,,#Le79Inter|#Poutou|#Poutou2022,France Inter,
UE35UUGY,,,2022-04-04,radioBroadcast,L'invité de 8h20 : Macron,"Macron, Emmanuel",L'invité de 8h20,,#Le79Inter|#MacronFranceInter|#AvecVous|,France Inter,
XHFWUCFY,,,2022-04-05,radioBroadcast,L'invité de 8h20 : Le Pen,"Le Pen, Marine",L'invité de 8h20,,#Le79Inter|#MLaFrance|#MarinePresidente|#MLP2022,France Inter,
UUK8NSFG,,,2022-04-06,radioBroadcast,L'invité de 8h20 : Zemmour,"Zemmour, Eric",L'invité de 8h20,,#Le79Inter|#ZoZZ|#ZemmourPresident|#Zemmour2022|#JeVoteZemmourDimanche,France Inter,
HF6Z9C3C,,,2022-04-07,radioBroadcast,L'invité de 8h20 : Jadot,"Jadot, Yannick",L'invité de 8h20,,#Le79Inter|#FaireFace|#Jadot2022|#JeVoteJadot,France Inter,
CH9GAT3F,,,2022-04-08,radioBroadcast,L'invité de 8h20 : Pécresse,"Pécresse, Valérie",L'invité de 8h20,,#Le79Inter|#Pécresse2022|#Pécresse|#JeVotePécresse,France Inter,
YKG9CM4L,,,2022-03-28,tvBroadcast,"Le Grand Oral de la présidentielle (18h) : (multiple) Le Pen, Zemmour, Jadot, Roussel, Hidalgo, Pécresse","Le Pen, Marine; Zemmour, Eric; Jadot, Yannick; Roussel, Fabien; Hidalgo, Anne; Pécresse, Valérie",Le Grand Oral de la présidentielle (18h),,#Europe1|#LeJDD|#ParisMatch|#Hidalgo2022|#Jadot2022|#FaireFace|#MarinePrésidente|#ZemmourPresident|#MlaFrance|#Roussel2022|#Pécresse2022|#Zemmour2022|#LeGrandOral,Europe 1 / Le JDD / Paris Match,
AP3R24G5,,,2022-02-20,tvBroadcast,Le Grand RDV : Zemmour,"Zemmour, Eric",Le Grand RDV,,#Europe1 #LeGrandRDV #LeGrandrendezvous #cnews #Zemmour #ZoZZ #EricZemmour #Zemmour2emeTour,Europe 1/Cnews,
7CKKZMZH,,,2022-03-13,tvBroadcast,Le Grand RDV : Pécresse,"Pécresse, Valérie",Le Grand RDV,,#Pécresse2022 #LeGrandRDV,Europe 1/Cnews,
AD4XFH7E,,,2022-04-12,tvBroadcast,Le JT de 20h : Le Pen,"Le Pen, Marine",Le JT de 20h,,#JT20h #MLaFrance|#MarinePresidente|#MLP2022,TF1,
GCXSJK57,,,2022-04-13,tvBroadcast,Le JT de 20h : Macron,"Macron, Emmanuel",Le JT de 20h,,#JT20h #NousTous|#AvecVous|#Macron|#MacronTF1,TF1,
NAWKZNR9,,,2022-03-09,tvBroadcast,Les 4V : Le Pen,"Le Pen, Marine",Les 4V,,#Les4V #MarinePresidente #Mlafrance #Lepen,France 2,
IZ9VHRBG,,,2022-03-10,radioBroadcast,Les Grandes Gueules : Mélenchon,"Mélenchon, Jean-Luc",Les Grandes Gueules,,#GGRMC #UnionPopulaire #Melenchon2022,RMC,
MT24BFDY,,,2022-02-22,tvBroadcast,Live Instagram TF1 et 20 mn : Zemmour,"Zemmour, Eric",Live Instagram TF1 et 20 mn,,,Instagram,
ZFRLUK4B,,,2022-03-21,radioBroadcast,Ma France : Lassalle,"Lassalle, Jean",Ma France,,#JeanLassalle2022|#laFranceAuthentique|#MaFrance,France Bleu,
SQTV6T78,,,2022-03-22,radioBroadcast,Ma France : Macron,"Macron, Emmanuel",Ma France,,"#MaFrance|#MacronFranceBleu,|#MacronDegage2022,|#ScandaleMacron,|#Macron2022,|#5ansdeplus,|#avecvous,|#StopMacron",France Bleu,
LXKRLL2F,,,2022-03-23,radioBroadcast,"Ma France : (multiple) Poutou, Arthaud","Poutou, Philippe; Arthaud, Nathalie",Ma France,,#MaFrance|#Poutou,France Bleu,
X9SB2QCS,,,2022-03-24,radioBroadcast,Ma France : Zemmour,"Zemmour, Eric",Ma France,,#Zemmour2022|#MaFrance|#ZOZZ|#ZemmourPresident,France Bleu,
ZZND25A5,,,2022-03-25,radioBroadcast,Ma France : Mélenchon,"Mélenchon, Jean-Luc",Ma France,,#MaFrance|#Melenchon2022|#UnionPopulaire|,France Bleu,
PGNZ6UNU,,,2022-04-14,radioBroadcast,Ma France : Macron,"Macron, Emmanuel",Ma France,,#MacronFranceBleu|#AvecVous|#JeVoteMacron|#NousTous|#Macron,France Bleu,
MZ924EF6,,,2022-04-18,radioBroadcast,Ma France : Le Pen,"Le Pen, Marine",Ma France,,#MarinePrésidente|#MaFrance|#MLP2022|#MLaFrance|#DimancheJeVoteMarine,France Bleu,
NET2FKN4,,,2022-01-16,tvBroadcast,Partie de campagne : Le Pen,"Le Pen, Marine",Partie de campagne,,#PartieDeCampagne (spécifique) #Le20h (partagé),TF1,
XSECEP8I,,,2022-01-23,tvBroadcast,Partie de campagne : Pécresse,"Pécresse, Valérie",Partie de campagne,,#PartieDeCampagne (spécifique) #Le20h (partagé),TF1,
VTHVPGB4,,,2022-01-30,tvBroadcast,Partie de campagne : Jadot,"Jadot, Yannick",Partie de campagne,,#PartieDeCampagne (spécifique) #Le20h (partagé),TF1,
RU5TQCVE,,,2022-02-06,tvBroadcast,Partie de campagne : Mélenchon,"Mélenchon, Jean-Luc",Partie de campagne,,#PartieDeCampagne (spécifique) #Le20h (partagé),TF1,
IJEVHLIA,,,2022-02-13,tvBroadcast,Partie de campagne : Zemmour,"Zemmour, Eric",Partie de campagne,,#PartieDeCampagne (spécifique) #Le20h (partagé) #Zemmour #ZOZZ #Zemmour2022 #ZemmourTF1 #DebatZemmourMacron,TF1,
L3LTBYD5,,,2022-03-20,tvBroadcast,Partie de campagne : Pécresse,"Pécresse, Valérie",Partie de campagne,,#Partiedecampagne|#20h|#Pecresse2022|#ValeriePecresse,TF1,
HNBSN7RC,,,2022-03-28,tvBroadcast,Questions de Confiance : Pécresse,"Pécresse, Valérie",Questions de Confiance,,#Pécresse2022|#QuestionsDeConfiance|#Pécresse,RMC/BFMTV,
7RNE2FVG,,,2022-03-29,tvBroadcast,Questions de Confiance : Arthaud,"Arthaud, Nathalie",Questions de Confiance,,#QuestionsDeConfiance|#Arthaud,RMC/BFMTV,
8YJBBJQK,,,2022-03-30,tvBroadcast,Questions de Confiance : Zemmour,"Zemmour, Eric",Questions de Confiance,,#QuestionsDeConfiance|#ZoZZ|#ZemmourPresident|#Zemmour2022|#ZemmourBFM|#ZemmourSevran,RMC/BFMTV,
E5G69YU3,,,2022-03-31,tvBroadcast,Questions de Confiance : Dupont-Aignan,"Dupont-Aignan, Nicolas",Questions de Confiance,,#QuestionsDeConfiance|#2022NDA|#ChoisirLaLiberté|#ApollineMatin,RMC/BFMTV,
HXGA6IFZ,,,2022-04-01,tvBroadcast,Questions de Confiance : Lassalle,"Lassalle, Jean",Questions de Confiance,,#ApollineMatin|#QuestionsDeConfiance|#JeanLassalle2022|#TourBusJL2022|#LaFranceAuthentique,RMC/BFMTV,
7WQQT5ZG,,,2022-04-02,tvBroadcast,Questions de Confiance : Poutou,"Poutou, Philippe",Questions de Confiance,,#QuestionsDeConfiance|#Poutou|#Poutou2022|,RMC/BFMTV,
TF69CVSG,,,2022-04-04,tvBroadcast,Questions de Confiance : Le Pen,"Le Pen, Marine",Questions de Confiance,,#ApollineMatin|#ApollineWakeUp|#QuestionsDeConfiance|#MarinePresidente|#MLaFrance|#MLP2022,RMC/BFMTV,
SDQAD64J,,,2022-04-05,tvBroadcast,Questions de Confiance : Jadot,"Jadot, Yannick",Questions de Confiance,,#FaireFace|#ApollineMatin|#ApollineWakeUp|#QuestionsDeConfiance|#Jadot2022|#JeVoteJadot,RMC/BFMTV,
7LBRR9IT,,,2022-04-06,tvBroadcast,Questions de Confiance : Hidalgo,"Hidalgo, Anne",Questions de Confiance,,#QuestionsDeConfiance|#ApollineMatin|#ApollineWakeUp|#Hidalgo|#Hidalgo2022,RMC/BFMTV,
E3NIGL76,,,2022-04-07,tvBroadcast,Questions de Confiance : Roussel,"Roussel, Fabien",Questions de Confiance,,#ApollineMatin|#ApollineWakeUp|#QuestionsDeConfiance|#Roussel|#Roussel2022|#LesJoursHeureux,RMC/BFMTV,
35BP7TJZ,,,2022-04-08,tvBroadcast,Questions de Confiance : Mélenchon,"Mélenchon, Jean-Luc",Questions de Confiance,,#ApollineMatin|#ApollineWakeUp|#QuestionsDeConfiance|#Mélenchon2022|#UnionPopulaire,RMC/BFMTV,
CVABTX3S,,,2022-02-20,radioBroadcast,Questions politiques : Le Pen,"Le Pen, Marine",Questions politiques,,#QuestionsPol #MarinePresidente #LePen #MLaFrance,France Inter/France Info,
HPKN6GGH,,,2022-04-12,radioBroadcast,Un candidat face au 7/9 : Le Pen,"Le Pen, Marine",Un candidat face au 7/9,,#le79Inter|#Elysée2022|#Présidentielle2022|#MLaFrance|#MarinePresidente|#MLP2022,France Inter,
ULUXNEHX,,,2022-04-22,radioBroadcast,Un candidat face au 7/9 : Macron,"Macron, Emmanuel",Un candidat face au 7/9,,,France Inter,
UE47TU36,,,2022-04-15,tvBroadcast,Une Heure pour l'Elysée : Le Pen,"Le Pen, Marine",Une Heure pour l'Elysée,,#MarinePrésidente|#MLP2022|#MLaFrance|#DimancheJeVoteMarine|#ApollineMatin|#ApollineWakeUp|#UneHeurePourlElysée,RMC/BFMTV,
